{"cameraMode":{"drawMode":0,"name":"Shaded","section":"Shading Mode"},"sceneLighting":false,"audioPlay":false,"sceneViewState":{"showFog":true,"showMaterialUpdate":false,"showSkybox":false,"showFlares":true,"showImageEffects":true,"showParticleSystems":true},"in2DMode":false,"pivot":{"x":2.698317527770996,"y":0.10442011058330536,"z":3.5674805641174318},"rotation":{"x":0.003903510281816125,"y":-0.9901765584945679,"z":0.028227435424923898,"w":0.13691085577011109},"size":1.2967791557312012,"orthographic":false}